{"cameraMode":{"drawMode":0,"name":"Shaded","section":"Shading Mode"},"sceneLighting":true,"audioPlay":false,"sceneViewState":{"m_AlwaysRefresh":false,"showFog":true,"showSkybox":true,"showFlares":true,"showImageEffects":true,"showParticleSystems":true,"showVisualEffectGraphs":true,"m_FxEnabled":true},"in2DMode":false,"pivot":{"x":9.738420486450196,"y":0.20735132694244386,"z":84.31246185302735},"rotation":{"x":0.2592467665672302,"y":-0.41287925839424136,"z":0.12376526743173599,"w":0.8645642399787903},"size":6.2381696701049809,"orthographic":false}