{"cameraMode":{"drawMode":0,"name":"Shaded","section":"Shading Mode"},"sceneLighting":false,"audioPlay":false,"sceneViewState":{"m_AlwaysRefresh":false,"showFog":true,"showSkybox":false,"showFlares":true,"showImageEffects":true,"showParticleSystems":true,"showVisualEffectGraphs":true,"m_FxEnabled":true},"in2DMode":false,"pivot":{"x":-0.07499438524246216,"y":0.8622395992279053,"z":0.049260854721069339},"rotation":{"x":0.23532520234584809,"y":0.10036250203847885,"z":-0.024536779150366784,"w":0.9666454792022705},"size":0.4665730893611908,"orthographic":false}